{
	"class_name" : "PinholeCameraParameters",
	"extrinsic" : 
	[
		-0.05492189068224862,
		-0.38217291119443103,
		0.92245728999941279,
		0.0,
		-0.99712947430922139,
		0.069215806478680045,
		-0.030691751291216523,
		0.0,
		-0.052119069328827344,
		-0.92149500165908638,
		-0.38487733699143345,
		0.0,
		0.35799968067445859,
		3.0903742629866704,
		11.182287425497899,
		1.0
	],
	"intrinsic" : 
	{
		"height" : 720,
		"intrinsic_matrix" : 
		[
			623.53829072479584,
			0.0,
			0.0,
			0.0,
			623.53829072479584,
			0.0,
			639.5,
			359.5,
			1.0
		],
		"width" : 1280
	},
	"version_major" : 1,
	"version_minor" : 0
}