{
	"class_name" : "PinholeCameraParameters",
	"extrinsic" : 
	[
		-0.013565492278331499,
		-0.63118439616507782,
		0.77551417489106722,
		0.0,
		-0.99745781265108469,
		0.062804250121040267,
		0.03366805827557847,
		0.0,
		-0.069956339244992394,
		-0.77308594878219072,
		-0.63043177774837755,
		0.0,
		0.20782045428632667,
		3.9305816481340976,
		30.218071697904278,
		1.0
	],
	"intrinsic" : 
	{
		"height" : 720,
		"intrinsic_matrix" : 
		[
			623.53829072479584,
			0.0,
			0.0,
			0.0,
			623.53829072479584,
			0.0,
			639.5,
			359.5,
			1.0
		],
		"width" : 1280
	},
	"version_major" : 1,
	"version_minor" : 0
}