{
	"class_name" : "PinholeCameraParameters",
	"extrinsic" : 
	[
		0.99855479723649698,
		-0.025210105830001873,
		-0.047463327738566749,
		0.0,
		0.018198878178982521,
		-0.6723606631768595,
		0.73999995908472893,
		0.0,
		-0.050567951797606425,
		-0.73979428841835082,
		-0.6709301700434861,
		0.0,
		-1.5382395690068222,
		-11.057034066351434,
		28.726298892656413,
		1.0
	],
	"intrinsic" : 
	{
		"height" : 720,
		"intrinsic_matrix" : 
		[
			623.53829072479584,
			0.0,
			0.0,
			0.0,
			623.53829072479584,
			0.0,
			639.5,
			359.5,
			1.0
		],
		"width" : 1280
	},
	"version_major" : 1,
	"version_minor" : 0
}